Producto,Talle,PRECIO,Cantidad,Multimedia
Vans Knu Clasica,35,40000,1,https://drive.google.com/drive/folders/1kYaCD6gTAtyRbw_ZcXSA_J_MY_9JMm5s?usp=drive_link
Puma park style,38,38000,1,https://drive.google.com/drive/folders/1PUuaOd5Zb4sJoBeQAnk4qOWK8u30_YMt?usp=drive_link
Puma park style,44,38000,1,https://drive.google.com/drive/folders/1PUuaOd5Zb4sJoBeQAnk4qOWK8u30_YMt?usp=drive_link
Nike SB Black,40,42000,1,https://drive.google.com/drive/folders/1a1ZzSN0b54RG-cUNtiTVx6WnkP1znqPG?usp=drive_link
Nike SB Black,42,42000,1,https://drive.google.com/drive/folders/1a1ZzSN0b54RG-cUNtiTVx6WnkP1znqPG?usp=drive_link
NB Blanco y Rosa,39,50000,1,https://drive.google.com/drive/folders/18X8LfoUQnMK5mc8siGg-X8yajSdWuXL9?usp=drive_link
Vans knu black,35,40000,1,https://drive.google.com/drive/folders/10qFluD36cwMMF4wU3_j8FFsKwS8DK3st?usp=drive_link
Vans knu black,36,40000,1,https://drive.google.com/drive/folders/10qFluD36cwMMF4wU3_j8FFsKwS8DK3st?usp=drive_link
Vans knu black,37,40000,1,https://drive.google.com/drive/folders/10qFluD36cwMMF4wU3_j8FFsKwS8DK3st?usp=drive_link
Vans knu black,38,40000,1,https://drive.google.com/drive/folders/10qFluD36cwMMF4wU3_j8FFsKwS8DK3st?usp=drive_link
Vans knu black,40,40000,1,https://drive.google.com/drive/folders/10qFluD36cwMMF4wU3_j8FFsKwS8DK3st?usp=drive_link
Vans knu black,41,40000,1,https://drive.google.com/drive/folders/10qFluD36cwMMF4wU3_j8FFsKwS8DK3st?usp=drive_link
Vans skater Verdes,38,50000,1,https://drive.google.com/drive/folders/1SLRqlsdYzavA2ZnivXPLrwCfwOqrmH3C?usp=drive_link
Vans skater Verdes,39,50000,1,https://drive.google.com/drive/folders/1SLRqlsdYzavA2ZnivXPLrwCfwOqrmH3C?usp=drive_link
Vans skater Verdes,40,50000,1,https://drive.google.com/drive/folders/1SLRqlsdYzavA2ZnivXPLrwCfwOqrmH3C?usp=drive_link
Vans skater Verdes,41,50000,1,https://drive.google.com/drive/folders/1SLRqlsdYzavA2ZnivXPLrwCfwOqrmH3C?usp=drive_link
Vans skater Verdes,42,50000,1,https://drive.google.com/drive/folders/1SLRqlsdYzavA2ZnivXPLrwCfwOqrmH3C?usp=drive_link
Vans skater Verdes,43,50000,1,https://drive.google.com/drive/folders/1SLRqlsdYzavA2ZnivXPLrwCfwOqrmH3C?usp=drive_link
Adidas rosa,35,45000,1,https://drive.google.com/drive/folders/1scKCmRNOc-WoV0KZwJf18fXFPx40f0p7?usp=drive_link
Adidas rosa,36,45000,1,https://drive.google.com/drive/folders/1scKCmRNOc-WoV0KZwJf18fXFPx40f0p7?usp=drive_link
Adidas rosa,38,45000,1,https://drive.google.com/drive/folders/1scKCmRNOc-WoV0KZwJf18fXFPx40f0p7?usp=drive_link
Adidas rosa,39,45000,1,https://drive.google.com/drive/folders/1scKCmRNOc-WoV0KZwJf18fXFPx40f0p7?usp=drive_link
Adidas rosa,40,45000,2,https://drive.google.com/drive/folders/1scKCmRNOc-WoV0KZwJf18fXFPx40f0p7?usp=drive_link
Nike SB grises,39,48000,3,https://drive.google.com/drive/folders/1KwqxcTIMLNvdoR3jOL6C0tYvxQKsTdSf?usp=drive_link
Nike SB grises,40,48000,4,https://drive.google.com/drive/folders/1KwqxcTIMLNvdoR3jOL6C0tYvxQKsTdSf?usp=drive_link
Nike SB grises,41,48000,4,https://drive.google.com/drive/folders/1KwqxcTIMLNvdoR3jOL6C0tYvxQKsTdSf?usp=drive_link
Nike SB grises,42,48000,3,https://drive.google.com/drive/folders/1KwqxcTIMLNvdoR3jOL6C0tYvxQKsTdSf?usp=drive_link
Nike SB grises,44,48000,1,https://drive.google.com/drive/folders/1KwqxcTIMLNvdoR3jOL6C0tYvxQKsTdSf?usp=drive_link
NB Negro y Blanco,35,55000,1,https://drive.google.com/drive/folders/1Hde2NziQT6IZ1LEB7nSumPiVPg8ump7C?usp=drive_link
NB Negro y Blanco,36,55000,1,https://drive.google.com/drive/folders/1Hde2NziQT6IZ1LEB7nSumPiVPg8ump7C?usp=drive_link
NB Negro y Blanco,39,55000,1,https://drive.google.com/drive/folders/1Hde2NziQT6IZ1LEB7nSumPiVPg8ump7C?usp=drive_link
NB Negro y Blanco,40,55000,1,https://drive.google.com/drive/folders/1Hde2NziQT6IZ1LEB7nSumPiVPg8ump7C?usp=drive_link
Nike Zoom mujer,34,40000,1,https://drive.google.com/drive/folders/11SAYXxBhxG4S4Y-tNscv9SzEfa9D-bQ1?usp=drive_link
Nike Zoom mujer,35,40000,1,https://drive.google.com/drive/folders/11SAYXxBhxG4S4Y-tNscv9SzEfa9D-bQ1?usp=drive_link
Nike Zoom mujer,39,40000,1,https://drive.google.com/drive/folders/11SAYXxBhxG4S4Y-tNscv9SzEfa9D-bQ1?usp=drive_link
NB Beige y Rosa,35,48000,1,https://drive.google.com/drive/folders/121L0TKwUWv-vcVQyviJ5RyQPfFk2Wj_1?usp=drive_link
NB Beige y Rosa,36,48000,1,https://drive.google.com/drive/folders/121L0TKwUWv-vcVQyviJ5RyQPfFk2Wj_1?usp=drive_link
NB Beige y Rosa,37,48000,1,https://drive.google.com/drive/folders/121L0TKwUWv-vcVQyviJ5RyQPfFk2Wj_1?usp=drive_link
NB Beige y Rosa,39,48000,1,https://drive.google.com/drive/folders/121L0TKwUWv-vcVQyviJ5RyQPfFk2Wj_1?usp=drive_link
NB Beige y Rosa,40,48000,1,https://drive.google.com/drive/folders/121L0TKwUWv-vcVQyviJ5RyQPfFk2Wj_1?usp=drive_link